{
 "problem": "bipartite",
 "graph_size": 20,
 "batch_size": 20,
 "u_size": 10,
 "v_size": 9,
 "num_edges": 50,
 "epoch_size": 100,
 "val_size": 10000,
 "val_dataset": null,
 "model": "ff",
 "embedding_dim": 22,
 "hidden_dim": 16,
 "n_encode_layers": 3,
 "tanh_clipping": 10.0,
 "normalization": "batch",
 "lr_model": 0.0001,
 "lr_critic": 0.0001,
 "lr_decay": 0.99,
 "eval_only": false,
 "n_epochs": 200,
 "seed": 1234,
 "max_grad_norm": 1.0,
 "no_cuda": false,
 "exp_beta": 0.8,
 "baseline": "exponential",
 "bl_alpha": 0.05,
 "bl_warmup_epochs": 0,
 "max_weight": 4000,
 "eval_batch_size": 1024,
 "checkpoint_encoder": false,
 "shrink_size": null,
 "data_distribution": null,
 "log_step": 50,
 "log_dir": "logs",
 "run_name": "run_20200826T010329",
 "output_dir": "outputs",
 "epoch_start": 0,
 "checkpoint_epochs": 1,
 "load_path": null,
 "resume": null,
 "no_tensorboard": false,
 "no_progress_bar": false,
 "use_cuda": true,
 "save_dir": "outputs/bipartite_20/run_20200826T010329"
}